{
  "raw_cosine": {
    "precision@1": 0.21666666666666667,
    "recall@5": 0.0971758092592864,
    "recall@10": 0.15463200657074688,
    "map@10": 0.08431572814310909,
    "ndcg@10": 0.48478215092793453,
    "queries": 120,
    "candidate_pool": 200
  },
  "cosine_naive_bayes": {
    "precision@1": 0.4083333333333333,
    "recall@5": 0.13936714107561823,
    "recall@10": 0.2034900983398313,
    "map@10": 0.15794464915595868,
    "ndcg@10": 0.5697668718013456,
    "queries": 120,
    "candidate_pool": 200,
    "rerank_latency_ms_mean": 0.18134833334594683
  },
  "cosine_logistic_regression": {
    "precision@1": 0.5166666666666667,
    "recall@5": 0.24984454865828895,
    "recall@10": 0.34136082467607487,
    "map@10": 0.2612122884647686,
    "ndcg@10": 0.6516198849304542,
    "queries": 120,
    "candidate_pool": 200,
    "rerank_latency_ms_mean": 0.16233499999695292
  },
  "cosine_linear_svm": {
    "precision@1": 0.45,
    "recall@5": 0.19691998554444629,
    "recall@10": 0.3039822633187603,
    "map@10": 0.21480026455026457,
    "ndcg@10": 0.6183928375260294,
    "queries": 120,
    "candidate_pool": 200,
    "rerank_latency_ms_mean": 0.1560150000083619
  },
  "cosine_random_forest": {
    "precision@1": 0.5833333333333334,
    "recall@5": 0.2097657595335253,
    "recall@10": 0.2780207460745045,
    "map@10": 0.26092439846308896,
    "ndcg@10": 0.6622813932288139,
    "queries": 120,
    "candidate_pool": 200,
    "rerank_latency_ms_mean": 0.16075500000169995
  },
  "cosine_kmeans": {
    "precision@1": 0.041666666666666664,
    "recall@5": 0.059590609092119017,
    "recall@10": 0.10687443081317109,
    "map@10": 0.049677542621987064,
    "ndcg@10": 0.4253546695241942,
    "queries": 120,
    "candidate_pool": 200
  },
  "full_classical_ensemble": {
    "precision@1": 0.725,
    "recall@5": 0.3246768428261094,
    "recall@10": 0.42067282661814587,
    "map@10": 0.42456164572310406,
    "ndcg@10": 0.7533315797934034,
    "queries": 120,
    "candidate_pool": 200
  }
}